plate,rowcol,description
pl1,E2,20210204Testrun2
pl1,E2,20210316constitexpr3.1
pl1,E2,20210312constitexpr3.0
pl1,D2,20210312constitexpr3.0
pl1,G2,20210316constitexpr3.1
pl1,H2,20210316constitexpr3.1
pl1,G2,20210312constitexpr3.0
pl1,H2,20210204Testrun2
pl1,A3,20210204Testrun2
pl1,C3,20210204Testrun2
pl1,F3,20210204Testrun2
pl1,H4,20210316constitexpr3.1
pl1,E5,20210312constitexpr3.0
pl1,D8,20210204Testrun2
pl1,C10,20210316constitexpr3.1
pl1,F10,20210204Testrun2
pl1,C11,20210204Testrun2
pl1,H11,20210204Testrun2
pl1,G12,20210316constitexpr3.1
pl1,G12,20210204Testrun2
pl1,H12,20210316constitexpr3.1
pl2,B2,20210204Testrun2
pl2,F2,20210316constitexpr3.1
pl2,A4,20210204Testrun2
pl2,B7,20210316constitexpr3.1
pl2,H7,20210204Testrun2
pl2,B8,20210204Testrun2
pl2,C8,20210204Testrun2
pl2,H8,20210316constitexpr3.1
pl2,E9,20210204Testrun2
pl2,G9,20210204Testrun2
pl2,B10,20210204Testrun2
pl2,D10,20210204Testrun2
pl2,F10,20210204Testrun2
pl2,E11,20210204Testrun2
pl2,F11,20210204Testrun2
pl2,A12,20210204Testrun2
pl2,G12,20210312constitexpr3.0
pl2,G12,20210316constitexpr3.1
pl3,C3,20210312constitexpr3.0
pl3,G4,20210312constitexpr3.0
pl3,A11,20210312constitexpr3.0
pl4,B1,20210316constitexpr3.1
pl4,G1,20210312constitexpr3.0
pl4,B2,20210316constitexpr3.1
pl4,A2,20210204Testrun2
pl4,B2,20210204Testrun2
pl4,A3,20210204Testrun2
pl4,D4,20210204Testrun2
pl4,A5,20210204Testrun2
pl4,A6,20210204Testrun2
pl4,D7,20210204Testrun2
pl4,H7,20210204Testrun2
pl4,A8,20210204Testrun2
pl4,D8,20210204Testrun2
pl4,E8,20210312constitexpr3.0
pl4,D9,20210204Testrun2
pl5,C3,20210312constitexpr3.0
pl5,C3,20210316constitexpr3.1
pl5,A5,20210204Testrun2
pl5,A5,20210316constitexpr3.1
pl5,A6,20210204Testrun2
pl5,C8,20210204Testrun2
pl5,F8,20210204Testrun2
pl5,G11,20210204Testrun2
pl5,H11,20210204Testrun2
pl6,B2,20210204Testrun2
pl6,H7,20210204Testrun2
pl6,G12,20210312constitexpr3.0
pl7,H11,20210204Testrun2
pl8,E5,20210204Testrun2
pl1,A2,20210504constitexpr3.3
pl1,A2,20210512constitexpr3.5
pl1,B2,20210504constitexpr3.3
pl1,B2,20210512constitexpr3.5
pl1,C2,20210504constitexpr3.3
pl1,C2,20210512constitexpr3.5
pl1,D2,20210504constitexpr3.3
pl1,D2,20210512constitexpr3.5
pl1,F2,20210512constitexpr3.5
pl1,H2,20210312constitexpr3.0
pl1,H2,20210504constitexpr3.3
pl1,H2,20210512constitexpr3.5
pl1,A3,20210512constitexpr3.5
pl1,B3,20210504constitexpr3.3
pl1,B3,20210512constitexpr3.5
pl1,C3,20210316constitexpr3.1
pl1,D3,20210512constitexpr3.5
pl1,D3,20210504constitexpr3.3
pl1,E3,20210504constitexpr3.3
pl1,F3,20210512constitexpr3.5
pl1,G3,20210512constitexpr3.5
pl1,G3,20210504constitexpr3.3
pl1,G3,20210507constitexpr3.4
pl1,H3,20210512constitexpr3.5
pl1,A4,20210504constitexpr3.3
pl1,A4,20210512constitexpr3.5
pl1,B4,20210204Testrun2
pl1,B4,20210512constitexpr3.5
pl1,D4,20210504constitexpr3.3
pl1,D4,20210512constitexpr3.5
pl1,E4,20210512constitexpr3.5
pl1,F4,20210430constitexpr3.2
pl1,F4,20210512constitexpr3.5
pl1,G4,20210430constitexpr3.2
pl1,G4,20210512constitexpr3.5
pl1,H4,20210204Testrun2
pl1,H4,20210430constitexpr3.2
pl1,H4,20210512constitexpr3.5
pl1,A5,20210512constitexpr3.5
pl1,B5,20210512constitexpr3.5
pl1,B5,20210504constitexpr3.3
pl1,C5,20210512constitexpr3.5
pl1,D5,20210512constitexpr3.5
pl1,E5,20210512constitexpr3.5
pl1,E5,20210504constitexpr3.3
pl1,F5,20210512constitexpr3.5
pl1,G5,20210512constitexpr3.5
pl1,G5,20210504constitexpr3.3
pl1,G5,20210507constitexpr3.4
pl1,H5,20210512constitexpr3.5
pl1,H5,20210504constitexpr3.3
pl1,H5,20210507constitexpr3.4
pl1,A6,20210512constitexpr3.5
pl1,A6,20210507constitexpr3.4
pl1,A6,20210504constitexpr3.3
pl1,B6,20210504constitexpr3.3
pl1,B6,20210512constitexpr3.5
pl1,C6,20210512constitexpr3.5
pl1,C6,20210504constitexpr3.3
pl1,D6,20210512constitexpr3.5
pl1,E6,20210512constitexpr3.5
pl1,F6,20210512constitexpr3.5
pl1,F6,20210504constitexpr3.3
pl1,G6,20210512constitexpr3.5
pl1,G6,20210507constitexpr3.4
pl1,H6,20210512constitexpr3.5
pl1,H6,20210507constitexpr3.4
pl1,A7,20210512constitexpr3.5
pl1,A7,20210504constitexpr3.3
pl1,B7,20210512constitexpr3.5
pl1,C7,20210512constitexpr3.5
pl1,C7,20210504constitexpr3.3
pl1,D7,20210512constitexpr3.5
pl1,E7,20210504constitexpr3.3
pl1,E7,20210512constitexpr3.5
pl1,F7,20210512constitexpr3.5
pl1,G7,20210512constitexpr3.5
pl1,G7,20210504constitexpr3.3
pl1,G7,20210430constitexpr3.2
pl1,A8,20210504constitexpr3.3
pl1,A8,20210507constitexpr3.4
pl1,A8,20210512constitexpr3.5
pl1,B8,20210512constitexpr3.5
pl1,C8,20210512constitexpr3.5
pl1,D8,20210512constitexpr3.5
pl1,D8,20210430constitexpr3.2
pl1,E8,20210512constitexpr3.5
pl1,E8,20210504constitexpr3.3
pl1,F8,20210512constitexpr3.5
pl1,G8,20210512constitexpr3.5
pl1,G8,20210204Testrun2
pl1,H8,20210512constitexpr3.5
pl1,H8,20210507constitexpr3.4
pl1,A9,20210504constitexpr3.3
pl1,A9,20210512constitexpr3.5
pl1,A9,20210507constitexpr3.4
pl1,B9,20210504constitexpr3.3
pl1,B9,20210512constitexpr3.5
pl1,C9,20210512constitexpr3.5
pl1,C9,20210504constitexpr3.3
pl1,D9,20210512constitexpr3.5
pl1,E9,20210512constitexpr3.5
pl1,F9,20210512constitexpr3.5
pl1,F9,20210504constitexpr3.3
pl1,G9,20210504constitexpr3.3
pl1,G9,20210512constitexpr3.5
pl1,H9,20210504constitexpr3.3
pl1,H9,20210512constitexpr3.5
pl1,A10,20210504constitexpr3.3
pl1,A10,20210512constitexpr3.5
pl1,B10,20210504constitexpr3.3
pl1,B10,20210512constitexpr3.5
pl1,B10,20210507constitexpr3.4
pl1,C10,20210504constitexpr3.3
pl1,C10,20210512constitexpr3.5
pl1,D10,20210512constitexpr3.5
pl1,E10,20210512constitexpr3.5
pl1,E10,20210504constitexpr3.3
pl1,F10,20210512constitexpr3.5
pl1,F10,20210504constitexpr3.3
pl1,G10,20210512constitexpr3.5
pl1,G10,20210504constitexpr3.3
pl1,H10,20210504constitexpr3.3
pl1,H10,20210507constitexpr3.4
pl1,H10,20210512constitexpr3.5
pl1,A11,20210512constitexpr3.5
pl1,A11,20210504constitexpr3.3
pl1,B11,20210504constitexpr3.3
pl1,B11,20210512constitexpr3.5
pl1,C11,20210504constitexpr3.3
pl1,C11,20210512constitexpr3.5
pl1,D11,20210504constitexpr3.3
pl1,D11,20210512constitexpr3.5
pl1,E11,20210504constitexpr3.3
pl1,E11,20210512constitexpr3.5
pl1,F11,20210512constitexpr3.5
pl1,F11,20210504constitexpr3.3
pl1,G11,20210512constitexpr3.5
pl1,G11,20210204Testrun2
pl1,H11,20210504constitexpr3.3
pl1,H11,20210512constitexpr3.5
pl1,H11,20210507constitexpr3.4
pl1,A12,20210504constitexpr3.3
pl1,A12,20210512constitexpr3.5
pl1,B12,20210504constitexpr3.3
pl1,B12,20210512constitexpr3.5
pl1,C12,20210504constitexpr3.3
pl1,C12,20210512constitexpr3.5
pl1,D12,20210512constitexpr3.5
pl1,E12,20210504constitexpr3.3
pl1,E12,20210512constitexpr3.5
pl1,F12,20210507constitexpr3.4
pl1,F12,20210512constitexpr3.5
pl1,F12,20210430constitexpr3.2
pl1,G12,20210512constitexpr3.5
pl1,G12,20210507constitexpr3.4
pl1,H12,20210430constitexpr3.2
pl1,H12,20210512constitexpr3.5
pl1,H12,20210507constitexpr3.4
pl1,H12,20210504constitexpr3.3
pl2,A1,20210504constitexpr3.3
pl2,A1,20210512constitexpr3.5
pl2,B1,20210504constitexpr3.3
pl2,B1,20210512constitexpr3.5
pl2,C1,20210504constitexpr3.3
pl2,C1,20210512constitexpr3.5
pl2,D1,20210512constitexpr3.5
pl2,E1,20210504constitexpr3.3
pl2,E1,20210512constitexpr3.5
pl2,F1,20210512constitexpr3.5
pl2,G1,20210504constitexpr3.3
pl2,G1,20210512constitexpr3.5
pl2,H1,20210504constitexpr3.3
pl2,H1,20210512constitexpr3.5
pl2,A2,20210504constitexpr3.3
pl2,A2,20210512constitexpr3.5
pl2,B2,20210504constitexpr3.3
pl2,B2,20210512constitexpr3.5
pl2,C2,20210504constitexpr3.3
pl2,C2,20210512constitexpr3.5
pl2,D2,20210512constitexpr3.5
pl2,E2,20210512constitexpr3.5
pl2,F2,20210512constitexpr3.5
pl2,G2,20210512constitexpr3.5
pl2,H2,20210512constitexpr3.5
pl2,A3,20210504constitexpr3.3
pl2,A3,20210512constitexpr3.5
pl2,B3,20210504constitexpr3.3
pl2,B3,20210512constitexpr3.5
pl2,B3,20210204Testrun2
pl2,C3,20210512constitexpr3.5
pl2,D3,20210512constitexpr3.5
pl2,E3,20210512constitexpr3.5
pl2,F3,20210512constitexpr3.5
pl2,G3,20210512constitexpr3.5
pl2,G3,20210316constitexpr3.1
pl2,H3,20210512constitexpr3.5
pl2,A4,20210504constitexpr3.3
pl2,A4,20210512constitexpr3.5
pl2,B4,20210512constitexpr3.5
pl2,C4,20210512constitexpr3.5
pl2,D4,20210512constitexpr3.5
pl2,E4,20210512constitexpr3.5
pl2,F4,20210512constitexpr3.5
pl2,G4,20210512constitexpr3.5
pl2,H4,20210504constitexpr3.3
pl2,H4,20210512constitexpr3.5
pl2,A5,20210504constitexpr3.3
pl2,A5,20210512constitexpr3.5
pl2,B5,20210504constitexpr3.3
pl2,B5,20210512constitexpr3.5
pl2,C5,20210504constitexpr3.3
pl2,C5,20210512constitexpr3.5
pl2,D5,20210504constitexpr3.3
pl2,D5,20210512constitexpr3.5
pl2,E5,20210512constitexpr3.5
pl2,F5,20210512constitexpr3.5
pl2,F5,20210504constitexpr3.3
pl2,G5,20210512constitexpr3.5
pl2,H5,20210512constitexpr3.5
pl2,A6,20210512constitexpr3.5
pl2,B6,20210512constitexpr3.5
pl2,B6,20210504constitexpr3.3
pl2,C6,20210512constitexpr3.5
pl2,C6,20210504constitexpr3.3
pl2,D6,20210512constitexpr3.5
pl2,E6,20210512constitexpr3.5
pl2,E6,20210316constitexpr3.1
pl2,F6,20210504constitexpr3.3
pl2,F6,20210512constitexpr3.5
pl2,G6,20210504constitexpr3.3
pl2,G6,20210512constitexpr3.5
pl2,H6,20210512constitexpr3.5
pl2,A7,20210504constitexpr3.3
pl2,A7,20210512constitexpr3.5
pl2,B7,20210512constitexpr3.5
pl2,C7,20210512constitexpr3.5
pl2,D7,20210504constitexpr3.3
pl2,D7,20210512constitexpr3.5
pl2,E7,20210504constitexpr3.3
pl2,E7,20210512constitexpr3.5
pl2,F7,20210512constitexpr3.5
pl2,G7,20210512constitexpr3.5
pl2,A8,20210504constitexpr3.3
pl2,A8,20210512constitexpr3.5
pl2,B8,20210504constitexpr3.3
pl2,B8,20210512constitexpr3.5
pl2,C8,20210512constitexpr3.5
pl2,D8,20210504constitexpr3.3
pl2,D8,20210512constitexpr3.5
pl2,E8,20210512constitexpr3.5
pl2,F8,20210504constitexpr3.3
pl2,F8,20210512constitexpr3.5
pl2,G8,20210512constitexpr3.5
pl2,H8,20210512constitexpr3.5
pl2,A9,20210504constitexpr3.3
pl2,A9,20210512constitexpr3.5
pl2,A9,20210430constitexpr3.2
pl2,B9,20210504constitexpr3.3
pl2,B9,20210512constitexpr3.5
pl2,C9,20210504constitexpr3.3
pl2,C9,20210512constitexpr3.5
pl2,D9,20210504constitexpr3.3
pl2,D9,20210512constitexpr3.5
pl2,E9,20210512constitexpr3.5
pl2,F9,20210504constitexpr3.3
pl2,F9,20210512constitexpr3.5
pl2,G9,20210512constitexpr3.5
pl2,H9,20210204Testrun2
pl2,H9,20210512constitexpr3.5
pl2,A10,20210504constitexpr3.3
pl2,A10,20210512constitexpr3.5
pl2,A10,20210312constitexpr3.0
pl2,B10,20210512constitexpr3.5
pl2,C10,20210512constitexpr3.5
pl2,D10,20210512constitexpr3.5
pl2,E10,20210512constitexpr3.5
pl2,F10,20210512constitexpr3.5
pl2,G10,20210512constitexpr3.5
pl2,H10,20210512constitexpr3.5
pl2,A11,20210512constitexpr3.5
pl2,A11,20210504constitexpr3.3
pl2,B11,20210512constitexpr3.5
pl2,B11,20210504constitexpr3.3
pl2,C11,20210512constitexpr3.5
pl2,C11,20210504constitexpr3.3
pl2,D11,20210504constitexpr3.3
pl2,D11,20210512constitexpr3.5
pl2,E11,20210512constitexpr3.5
pl2,F11,20210512constitexpr3.5
pl2,G11,20210512constitexpr3.5
pl2,H11,20210512constitexpr3.5
pl2,A12,20210504constitexpr3.3
pl2,A12,20210512constitexpr3.5
pl2,B12,20210312constitexpr3.0
pl2,B12,20210504constitexpr3.3
pl2,B12,20210512constitexpr3.5
pl2,C12,20210504constitexpr3.3
pl2,C12,20210512constitexpr3.5
pl2,D12,20210504constitexpr3.3
pl2,D12,20210512constitexpr3.5
pl2,D12,20210430constitexpr3.2
pl2,E12,20210504constitexpr3.3
pl2,E12,20210512constitexpr3.5
pl2,E12,20210312constitexpr3.0
pl2,F12,20210504constitexpr3.3
pl2,F12,20210512constitexpr3.5
pl2,G12,20210512constitexpr3.5
pl2,H12,20210504constitexpr3.3
pl2,H12,20210512constitexpr3.5
pl3,C3,20210204Testrun2
pl3,C4,20210312constitexpr3.0
pl3,G4,20210204Testrun2
pl3,A5,20210204Testrun2
pl3,G7,20210204Testrun2
pl3,C8,20210204Testrun2
pl3,B8,20210204Testrun2
pl3,D8,20210204Testrun2
pl3,B9,20210204Testrun2
pl3,C9,20210204Testrun2
pl3,E9,20210204Testrun2
pl3,B10,20210204Testrun2
pl3,F10,20210204Testrun2
pl3,C11,20210312constitexpr3.0
pl3,G11,20210507constitexpr3.4
pl3,A12,20210312constitexpr3.0
pl3,A12,20210430constitexpr3.2
pl3,H12,20210316constitexpr3.1
pl4,A1,20210204Testrun2
pl4,A1,20210312constitexpr3.0
pl4,B1,20210312constitexpr3.0
pl4,C1,20210204Testrun2
pl4,G1,20210204Testrun2
pl4,H1,20210507constitexpr3.4
pl4,D2,20210204Testrun2
pl4,E2,20210204Testrun2
pl4,F2,20210204Testrun2
pl4,B3,20210204Testrun2
pl4,C3,20210204Testrun2
pl4,E3,20210204Testrun2
pl4,A4,20210204Testrun2
pl4,B4,20210204Testrun2
pl4,C4,20210204Testrun2
pl4,E4,20210204Testrun2
pl4,B5,20210204Testrun2
pl4,C6,20210204Testrun2
pl4,D6,20210312constitexpr3.0
pl4,E6,20210204Testrun2
pl4,B7,20210204Testrun2
pl4,B8,20210204Testrun2
pl4,C8,20210312constitexpr3.0
pl4,E8,20210204Testrun2
pl4,E8,20210316constitexpr3.1
pl4,F8,20210512constitexpr3.5
pl4,A9,20210204Testrun2
pl4,B9,20210204Testrun2
pl4,C9,20210204Testrun2
pl4,C10,20210312constitexpr3.0
pl4,D10,20210204Testrun2
pl4,D11,20210204Testrun2
pl4,E11,20210512constitexpr3.5
pl4,C12,20210204Testrun2
pl5,G2,20210316constitexpr3.1
pl5,F3,20210204Testrun2
pl5,G3,20210204Testrun2
pl5,H3,20210204Testrun2
pl5,E4,20210507constitexpr3.4
pl5,A5,20210312constitexpr3.0
pl5,B5,20210504constitexpr3.3
pl5,B5,20210204Testrun2
pl5,F5,20210507constitexpr3.4
pl5,F5,20210430constitexpr3.2
pl5,B6,20210204Testrun2
pl5,B7,20210504constitexpr3.3
pl5,C7,20210504constitexpr3.3
pl5,A8,20210507constitexpr3.4
pl5,D8,20210204Testrun2
pl5,D8,20210507constitexpr3.4
pl5,E8,20210204Testrun2
pl5,B9,20210504constitexpr3.3
pl5,B9,20210204Testrun2
pl5,C9,20210507constitexpr3.4
pl5,E9,20210204Testrun2
pl5,F9,20210507constitexpr3.4
pl5,F9,20210504constitexpr3.3
pl5,F9,20210312constitexpr3.0
pl5,G9,20210312constitexpr3.0
pl5,H9,20210312constitexpr3.0
pl5,C10,20210504constitexpr3.3
pl5,C10,20210507constitexpr3.4
pl5,F11,20210507constitexpr3.4
pl5,H11,20210316constitexpr3.1
pl5,B12,20210204Testrun2
pl5,H12,20210512constitexpr3.5
pl5,G12,20210204Testrun2
pl6,B1,20210204Testrun2
pl6,C1,20210204Testrun2
pl6,G2,20210204Testrun2
pl6,C3,20210430constitexpr3.2
pl6,C3,20210504constitexpr3.3
pl6,D3,20210430constitexpr3.2
pl6,E3,20210430constitexpr3.2
pl6,E3,20210504constitexpr3.3
pl6,G3,20210430constitexpr3.2
pl6,A4,20210504constitexpr3.3
pl6,C4,20210430constitexpr3.2
pl6,D4,20210430constitexpr3.2
pl6,F4,20210504constitexpr3.3
pl6,F4,20210430constitexpr3.2
pl6,G4,20210430constitexpr3.2
pl6,A5,20210204Testrun2
pl6,B5,20210430constitexpr3.2
pl6,D5,20210430constitexpr3.2
pl6,G5,20210430constitexpr3.2
pl6,A6,20210430constitexpr3.2
pl6,A6,20210312constitexpr3.0
pl6,B6,20210312constitexpr3.0
pl6,C6,20210430constitexpr3.2
pl6,D6,20210430constitexpr3.2
pl6,F6,20210430constitexpr3.2
pl6,G6,20210430constitexpr3.2
pl6,A7,20210430constitexpr3.2
pl6,B7,20210430constitexpr3.2
pl6,B7,20210312constitexpr3.0
pl6,C7,20210430constitexpr3.2
pl6,D7,20210316constitexpr3.1
pl6,E7,20210430constitexpr3.2
pl6,E7,20210504constitexpr3.3
pl6,E7,20210204Testrun2
pl6,F7,20210430constitexpr3.2
pl6,G7,20210430constitexpr3.2
pl6,B8,20210430constitexpr3.2
pl6,B8,20210312constitexpr3.0
pl6,C8,20210430constitexpr3.2
pl6,C8,20210312constitexpr3.0
pl6,D8,20210430constitexpr3.2
pl6,E8,20210430constitexpr3.2
pl6,E8,20210312constitexpr3.0
pl6,F8,20210430constitexpr3.2
pl6,G8,20210430constitexpr3.2
pl6,D9,20210430constitexpr3.2
pl6,D9,20210204Testrun2
pl6,A10,20210312constitexpr3.0
pl6,B10,20210312constitexpr3.0
pl6,D10,20210430constitexpr3.2
pl6,E10,20210430constitexpr3.2
pl6,D11,20210430constitexpr3.2
pl6,E11,20210430constitexpr3.2
pl6,F11,20210430constitexpr3.2
pl6,G11,20210430constitexpr3.2
pl6,D12,20210312constitexpr3.0
pl7,G11,20210204Testrun2
pl8,G1,20210316constitexpr3.1
pl4,C6,20210507constitexpr3.4
pl4,D5,20210507constitexpr3.4
pl3,A3,20210507constitexpr3.4
pl3,A6,20210507constitexpr3.4
pl3,A8,20210507constitexpr3.4
pl3,F9,20210507constitexpr3.4
pl7,A9,20210316constitexpr3.1
pl8,D3,20210507constitexpr3.4
pl8,A4,20210507constitexpr3.4
pl8,A5,20210507constitexpr3.4
pl8,A6,20210507constitexpr3.4
pl8,A9,20210507constitexpr3.4
pl8,B3,20210507constitexpr3.4
pl8,A1,20210504constitexpr3.3
pl8,D3,20210504constitexpr3.3
pl8,F3,20210504constitexpr3.3
pl8,C3,20210316constitexpr3.1
pl8,D2,20210316constitexpr3.1
pl8,E12,20210316constitexpr3.1
pl8,F4,20210316constitexpr3.1
pl8,F12,20210316constitexpr3.1
pl7,A3,20210316constitexpr3.1
pl7,B11,20210316constitexpr3.1
pl7,F11,20210316constitexpr3.1
pl8,D3,20210316constitexpr3.1
pl8,G10,20210316constitexpr3.1
pl3,C4,20210204Testrun2
